{
    "user_points": {
        "226839699275120642": 0,
        "538854073189793802": 65000,
        "791265327936831498": 35000,
        "133626240958595072": 35000,
        "276769901740425227": 35000,
        "456598123662278698": 35000,
        "290088709972557825": 0,
        "227570999682400257": 35000,
        "526777693392470026": 35000
    },
    "user_activity": {},
    "last_report_time": {
        "226839699275120642": "2023-12-24 02:31:31.504538",
        "538854073189793802": "2023-12-24 17:12:40.613962",
        "791265327936831498": "2023-12-24 17:12:40.613975",
        "133626240958595072": "2023-12-24 17:12:40.613981",
        "276769901740425227": "2023-12-24 17:12:40.613987",
        "456598123662278698": "2023-12-24 17:12:40.613993",
        "290088709972557825": "2023-12-24 17:12:40.613999",
        "227570999682400257": "2023-12-24 17:12:40.614004",
        "526777693392470026": "2023-12-24 17:12:40.614010"
    },
    "tasklist_pontos_acrescidos": [],
    "tasklist_pontos_resetados": [],
    "rank_data": [
        {
            "idx": 1,
            "user_mention": "<@538854073189793802>",
            "mention_role": "<@&1114290574644760695>",
            "points": 65000
        },
        {
            "idx": 2,
            "user_mention": "<@791265327936831498>",
            "mention_role": "<@&1114290574644760693>",
            "points": 35000
        },
        {
            "idx": 3,
            "user_mention": "<@133626240958595072>",
            "mention_role": "<@&1114290574644760693>",
            "points": 35000
        },
        {
            "idx": 4,
            "user_mention": "<@276769901740425227>",
            "mention_role": "<@&1114290574644760693>",
            "points": 35000
        },
        {
            "idx": 5,
            "user_mention": "<@456598123662278698>",
            "mention_role": "<@&1114290574644760693>",
            "points": 35000
        },
        {
            "idx": 6,
            "user_mention": "<@227570999682400257>",
            "mention_role": "<@&1114290574644760693>",
            "points": 35000
        },
        {
            "idx": 7,
            "user_mention": "<@526777693392470026>",
            "mention_role": "<@&1114290574644760693>",
            "points": 35000
        },
        {
            "idx": 8,
            "user_mention": "<@226839699275120642>",
            "mention_role": "<@&1114290574661521473>",
            "points": 0
        },
        {
            "idx": 9,
            "user_mention": "<@290088709972557825>",
            "mention_role": "<@&1114290574661521473>",
            "points": 0
        }
    ]
}